{"cameraMode":{"drawMode":0,"name":"Shaded","section":"Shading Mode"},"sceneLighting":false,"audioPlay":false,"sceneViewState":{"showFog":true,"showMaterialUpdate":false,"showSkybox":false,"showFlares":true,"showImageEffects":true,"showParticleSystems":true},"in2DMode":false,"pivot":{"x":0.0,"y":0.9300000667572022,"z":3.9800000190734865},"rotation":{"x":0.22545123100280763,"y":-0.4666517972946167,"z":0.12433827668428421,"w":0.8461384177207947},"size":18.86203384399414,"orthographic":false}