{"cameraMode":{"drawMode":0,"name":"Shaded","section":"Shading Mode"},"sceneLighting":false,"audioPlay":false,"sceneViewState":{"showFog":true,"showMaterialUpdate":false,"showSkybox":false,"showFlares":true,"showImageEffects":true,"showParticleSystems":true},"in2DMode":false,"pivot":{"x":0.5600000023841858,"y":1.4190000295639039,"z":0.5199999809265137},"rotation":{"x":0.22067856788635255,"y":0.05702028423547745,"z":-0.012924373149871827,"w":0.973593533039093},"size":0.000044970591261517256,"orthographic":false}