{"cameraMode":{"drawMode":0,"name":"Shaded","section":"Shading Mode"},"sceneLighting":false,"audioPlay":false,"sceneViewState":{"showFog":true,"showMaterialUpdate":false,"showSkybox":false,"showFlares":true,"showImageEffects":true,"showParticleSystems":true},"in2DMode":false,"pivot":{"x":0.0,"y":25.399999618530275,"z":1.6899999380111695},"rotation":{"x":-0.03425908833742142,"y":-0.7904022932052612,"z":-0.04439036175608635,"w":0.6100183129310608},"size":18.862031936645509,"orthographic":false}